不良贷款控制,个人不良贷款
财富管理,零售渠道理财日均
财富管理,零售渠道理财日均
财富管理,零售渠道理财日均
财富管理,零售渠道理财日均
财富管理,零售渠道理财日均
财富管理,零售渠道理财日均
财富管理,零售渠道理财日均
财富管理,零售渠道理财日均
财富管理,零售渠道理财日均
财富管理,零售渠道理财日均
财富管理,零售渠道理财日均
财富管理,零售渠道理财日均
财富管理,零售渠道理财日均
财富管理,零售渠道理财日均
财富管理,零售渠道理财日均
财富管理,零售渠道理财日均
财富管理,零售渠道理财日均
财富管理,零售渠道理财日均
财富管理,零售渠道理财日均
财富管理,零售渠道理财日均
规模,个贷规模增长
规模,个贷规模增长
规模,个贷规模增长
规模,个贷规模增长
规模,个贷规模增长
规模,个贷规模增长
规模,个贷规模增长
规模,个贷规模增长
规模,个贷规模增长
规模,个贷规模增长
规模,个贷规模增长
规模,个贷规模增长
规模,个贷规模增长
规模,个贷规模增长
规模,个贷规模增长
规模,个贷规模增长
规模,个贷规模增长
规模,个贷规模增长
规模,个贷规模增长
规模,个贷规模增长
规模,个贷规模增长
规模,个贷规模增长
规模,个贷规模增长
规模,个贷规模增长
规模,个贷规模增长
规模,个贷规模增长
规模,个贷规模增长
规模,个贷规模增长
规模,个贷规模增长
规模,个贷规模增长
规模,个贷规模增长
规模,个贷规模增长
规模,个人存款增长
规模,个人存款增长
规模,个人存款增长
规模,个人存款增长
规模,个人存款增长
规模,个人存款增长
规模,个人存款增长
规模,个人存款增长
规模,个人存款增长
规模,个人存款增长
规模,个人存款增长
规模,个人存款增长
规模,个人存款增长
规模,个人存款增长
规模,个人存款增长
规模,个人存款增长
规模,个人存款增长
规模,个人存款增长
规模,个人存款增长
规模,个人存款增长
规模,个人存款增长
规模,个人存款增长
规模,个人存款增长
规模,个人存款增长
规模,个人存款增长
规模,个人存款增长
规模,个人存款增长
规模,个人存款增长
规模,个人存款增长
规模,个人存款增长
规模,个人存款增长
规模,个人存款增长
规模,个人存款增长
规模,个人存款增长
规模,个人存款增长
规模,个人存款增长
规模,个人存款增长
规模,个人存款增长
规模,个人存款增长
规模,个人存款增长
规模,个人存款增长
规模,个人存款增长
规模,个人存款增长
规模,个人存款增长
规模,个人存款增长
规模,个人存款增长
规模,个人存款增长
规模,个人存款增长
规模,个人存款增长
规模,个人存款增长
规模,个人存款增长
规模,个人存款增长
规模,个人存款增长
规模,个人存款增长
规模,个人存款增长
规模,个人存款增长
规模,个人存款增长
规模,个人存款增长
规模,个人存款增长
规模,个人存款增长
规模,个人存款增长
规模,个人存款增长
规模,零售管理资产增长
规模,零售管理资产增长
规模,零售管理资产增长
规模,零售管理资产增长
规模,零售管理资产增长
规模,零售管理资产增长
规模,零售管理资产增长
规模,零售管理资产增长
规模,零售管理资产增长
规模,零售管理资产增长
规模,零售管理资产增长
规模,零售管理资产增长
规模,零售管理资产增长
规模,零售管理资产增长
规模,零售管理资产增长
规模,零售管理资产增长
规模,零售管理资产增长
规模,零售管理资产增长
规模,零售管理资产增长
规模,零售管理资产增长
规模,零售管理资产增长
规模,零售管理资产增长
规模,零售管理资产增长
规模,零售管理资产增长
规模,零售管理资产增长
规模,零售管理资产增长
规模,零售管理资产增长
规模,零售管理资产增长
规模,零售管理资产增长
规模,零售管理资产增长
规模,零售管理资产增长
规模,零售管理资产增长
规模,零售管理资产增长
规模,零售管理资产增长
规模,零售管理资产增长
规模,零售管理资产增长
规模,零售管理资产增长
规模,零售管理资产增长
规模,零售管理资产增长
规模,零售管理资产增长
规模,零售管理资产增长
规模,零售管理资产增长
规模,零售管理资产增长
规模,零售管理资产增长
客户规模,客户数
客户规模,客户数
客户规模,客户数
客户规模,客户数
客户规模,客户数
客户规模,客户数
客户规模,客户数
客户规模,客户数
客户获取,代发业务推动
客户获取,代发业务推动
客户获取,代发业务推动
客户获取,代发业务推动
客户获取,代发业务推动
客户获取,代发业务推动
客户获取,代发业务推动
客户获取,代发业务推动
客户获取,代发业务推动
客户获取,代发业务推动
客户获取,代发业务推动
客户获取,代发业务推动
客户获取,代发业务推动
客户获取,代发业务推动
客户获取,代发业务推动
客户获取,代发业务推动
客户获取,代发业务推动
客户获取,代发业务推动
客户获取,代发业务推动
客户获取,代发业务推动
客户获取,代发业务推动
客户获取,代发业务推动
客户获取,代发业务推动
客户获取,代发业务推动
客户获取,代发业务推动
客户获取,代发业务推动
客户获取,代发业务推动
客户获取,代发业务推动
客户获取,代发业务推动
客户获取,代发业务推动
客户获取,代发业务推动
客户获取,代发业务推动
客户获取,代发业务推动
客户获取,代发业务推动
客户获取,代发业务推动
客户获取,代发业务推动
客户获取,代发业务推动
客户获取,代发业务推动
客户获取,代发业务推动
客户获取,代发业务推动
客户获取,代发业务推动
客户获取,代发业务推动
客户获取,代发业务推动
客户获取,代发业务推动
客户获取,代发业务推动
客户获取,代发业务推动
客户获取,代发业务推动
客户获取,代发业务推动
客户获取,代发业务推动
客户获取,代发业务推动
客户获取,代发业务推动
客户获取,代发业务推动
客户获取,代发业务推动
客户获取,代发业务推动
客户获取,代发业务推动
客户获取,代发业务推动
客户获取,代发业务推动
客户获取,代发业务推动
客户获取,代发业务推动
客户获取,代发业务推动
客户获取,代发业务推动
客户获取,代发业务推动
客户获取,代发业务推动
客户获取,代发业务推动
客户获取,代发业务推动
客户获取,代发业务推动
客户获取,代发业务推动
客户获取,代发业务推动
客户获取,代发业务推动
客户获取,代发业务推动
客户获取,代发业务推动
客户获取,代发业务推动
客户获取,代发业务推动
客户获取,代发业务推动
客户获取,代发业务推动
客户获取,代发业务推动
客户获取,代发业务推动
客户获取,代发业务推动
客户获取,代发业务推动
客户获取,代发业务推动
客户获取,代发业务推动
客户获取,代发业务推动
客户获取,代发业务推动
客户获取,代发业务推动
客户获取,代发业务推动
客户获取,代发业务推动
客户获取,代发业务推动
客户获取,代发业务推动
客户获取,代发业务推动
客户获取,代发业务推动
客户获取,代发业务推动
客户获取,代发业务推动
客户获取,代发业务推动
客户获取,代发业务推动
客户获取,代发业务推动
客户获取,代发业务推动
客户获取,代发业务推动
客户获取,代发业务推动
客户获取,代发业务推动
客户获取,代发业务推动
客户获取,代发业务推动
客户获取,代发业务推动
客户获取,代发业务推动
客户获取,代发业务推动
客户获取,代发业务推动
客户获取,代发业务推动
客户获取,代发业务推动
客户获取,代发业务推动
客户获取,代发业务推动
客户获取,代发业务推动
客户获取,代发业务推动
客户获取,代发业务推动
客户获取,代发业务推动
客户获取,代发业务推动
客户获取,代发业务推动
客户获取,代发业务推动
客户获取,代发业务推动
客户获取,代发业务推动
客户获取,代发业务推动
客户获取,代发业务推动
客户获取,代发业务推动
客户获取,代发业务推动
客户获取,代发业务推动
客户获取,代发业务推动
客户获取,代发业务推动
客户获取,新增激活借记客户（全口径）
客户获取,新增激活借记客户（全口径）
客户获取,新增激活借记客户（全口径）
客户获取,信用卡新增客户
客户获取,信用卡新增客户
客户获取,信用卡新增客户
客户增长,富裕客户增长
客户增长,富裕客户增长
客户增长,富裕客户增长
客户增长,富裕客户增长
客户增长,富裕客户增长
客户增长,富裕客户增长
客户增长,富裕客户增长
客户增长,富裕客户增长
客户增长,富裕客户增长
客户增长,富裕客户增长
客户增长,贵宾客户增长
客户增长,贵宾客户增长
客户增长,贵宾客户增长
客户增长,贵宾客户增长
客户增长,贵宾客户增长
客户增长,贵宾客户增长
客户增长,贵宾客户增长
客户增长,贵宾客户增长
客户增长,贵宾客户增长
客户增长,贵宾客户增长
客户增长,私人银行客户增长
客户增长,私人银行客户增长
客户增长,私人银行客户增长
客户增长,私人银行客户增长
客户增长,私人银行客户增长
客户增长,私人银行客户增长
客户增长,私人银行客户增长
客户增长,私人银行客户增长
客户增长,私人银行客户增长
客户增长,私人银行客户增长
客户增长,私人银行客户增长
客户增长,私人银行客户增长
零售客户拓展,新增激活借记客户数
零售客户拓展,新增激活借记客户数
零售客户拓展,新增激活借记客户数
零售客户拓展,信用卡新增客户
零售客户拓展,信用卡新增客户
零售客户拓展,信用卡新增客户
普惠金融,普惠型个人贷款
普惠金融,普惠型个人贷款
普惠金融,普惠型个人贷款
普惠金融,普惠型个人贷款
普惠金融,普惠型个人涉农贷款
普惠金融,普惠型个人涉农贷款
普惠金融,涉农个人贷款
普惠金融,涉农个人贷款
全客户“五主”综合经营,主服务客户增长,电子渠道活跃率
全客户“五主”综合经营,主服务客户增长,电子渠道活跃率
全客户“五主”综合经营,主服务客户增长,电子渠道活跃率
全客户“五主”综合经营,主服务客户增长,企业微信认证率
全客户“五主”综合经营,主服务客户增长,企业微信认证率
全客户“五主”综合经营,主服务客户增长,企业微信认证率
全客户“五主”综合经营,主服务客户增长,企业微信认证率
全客户“五主”综合经营,主服务客户增长,企业微信认证率
全客户“五主”综合经营,主服务客户增长,企业微信认证率
全客户“五主”综合经营,主结算客户增长,缴费通交易客户数
全客户“五主”综合经营,主结算客户增长,缴费通交易客户数
全客户“五主”综合经营,主结算客户增长,缴费通交易客户数
全客户“五主”综合经营,主结算客户增长,移动支付月活跃合约数计划完成率
全客户“五主”综合经营,主结算客户增长,移动支付月活跃合约数计划完成率
全客户“五主”综合经营,主结算客户增长,移动支付月活跃合约数计划完成率
全客户“五主”综合经营,主融资客户增长,车贷抵押登记完成率
全客户“五主”综合经营,主融资客户增长,车贷抵押登记完成率
全客户“五主”综合经营,主融资客户增长,车贷抵押登记完成率
全客户“五主”综合经营,主融资客户增长,车贷渠道活跃度
全客户“五主”综合经营,主融资客户增长,车贷渠道活跃度
全客户“五主”综合经营,主融资客户增长,车贷渠道活跃度
全客户“五主”综合经营,主融资客户增长,房抵客户信用贷触达率
全客户“五主”综合经营,主融资客户增长,房抵客户信用贷触达率
全客户“五主”综合经营,主融资客户增长,房抵客户信用贷触达率
全客户“五主”综合经营,主融资客户增长,分层客户信用卡及借贷关联
全客户“五主”综合经营,主融资客户增长,分层客户信用卡及借贷关联
全客户“五主”综合经营,主融资客户增长,分层客户信用卡及借贷关联
全客户“五主”综合经营,主融资客户增长,分层客户信用卡及借贷关联
全客户“五主”综合经营,主融资客户增长,分层客户信用卡及借贷关联
全客户“五主”综合经营,主融资客户增长,分层客户信用卡及借贷关联
全客户“五主”综合经营,主融资客户增长,分层客户信用卡及借贷关联
全客户“五主”综合经营,主融资客户增长,分层客户信用卡及借贷关联
全客户“五主”综合经营,主融资客户增长,分层客户信用卡及借贷关联
全客户“五主”综合经营,主融资客户增长,分层客户信用卡及借贷关联
全客户“五主”综合经营,主融资客户增长,分层客户信用卡及借贷关联
全客户“五主”综合经营,主融资客户增长,分层客户信用卡及借贷关联
全客户“五主”综合经营,主融资客户增长,个贷客户转化
全客户“五主”综合经营,主融资客户增长,个贷客户转化
全客户“五主”综合经营,主融资客户增长,个贷客户转化
全客户“五主”综合经营,主融资客户增长,个贷客户转化
全客户“五主”综合经营,主融资客户增长,个贷客户转化
全客户“五主”综合经营,主融资客户增长,个贷客户转化
全客户“五主”综合经营,主融资客户增长,信用贷获客能力
全客户“五主”综合经营,主融资客户增长,信用贷获客能力
全客户“五主”综合经营,主融资客户增长,信用贷获客能力
全客户“五主”综合经营,主融资客户增长,信用贷获客能力
全客户“五主”综合经营,主融资客户增长,信用贷获客能力
全客户“五主”综合经营,主融资客户增长,信用贷获客能力
全客户“五主”综合经营,主融资客户增长,信用贷获客能力
全客户“五主”综合经营,主融资客户增长,信用贷获客能力
全客户“五主”综合经营,主融资客户增长,信用贷获客能力
全客户“五主”综合经营,主投资客户增长,代理业务销售
全客户“五主”综合经营,主投资客户增长,代理业务销售
全客户“五主”综合经营,主投资客户增长,代理业务销售
全客户“五主”综合经营,主投资客户增长,代理业务销售
全客户“五主”综合经营,主投资客户增长,代理业务销售
全客户“五主”综合经营,主投资客户增长,代理业务销售
全客户“五主”综合经营,主投资客户增长,代理业务销售
全客户“五主”综合经营,主投资客户增长,代理业务销售
全客户“五主”综合经营,主投资客户增长,代理业务销售
全客户“五主”综合经营,主投资客户增长,代理业务销售
全客户“五主”综合经营,主投资客户增长,代理业务销售
全客户“五主”综合经营,主投资客户增长,代理业务销售
全客户“五主”综合经营,主投资客户增长,代理业务销售
全客户“五主”综合经营,主投资客户增长,代理业务销售
全客户“五主”综合经营,主投资客户增长,代理业务销售
全客户“五主”综合经营,主投资客户增长,代理业务销售
全客户“五主”综合经营,主投资客户增长,代理业务销售
全客户“五主”综合经营,主投资客户增长,代理业务销售
全客户“五主”综合经营,主投资客户增长,代理业务销售
全客户“五主”综合经营,主投资客户增长,代理业务销售
全客户“五主”综合经营,主投资客户增长,代理业务销售
全客户“五主”综合经营,主投资客户增长,代理业务销售
全客户“五主”综合经营,主投资客户增长,代理业务销售
全客户“五主”综合经营,主投资客户增长,富裕客户交叉覆盖
全客户“五主”综合经营,主投资客户增长,富裕客户交叉覆盖
全客户“五主”综合经营,主投资客户增长,富裕客户交叉覆盖
全客户“五主”综合经营,主投资客户增长,富裕客户交叉覆盖
全客户“五主”综合经营,主投资客户增长,富裕客户交叉覆盖
全客户“五主”综合经营,主投资客户增长,富裕客户交叉覆盖
全客户“五主”综合经营,主投资客户增长,富裕客户交叉覆盖
全客户“五主”综合经营,主投资客户增长,富裕客户交叉覆盖
全客户“五主”综合经营,主投资客户增长,富裕客户交叉覆盖
全客户“五主”综合经营,主投资客户增长,富裕客户交叉覆盖
全客户“五主”综合经营,主投资客户增长,贵宾客户资产配置
全客户“五主”综合经营,主投资客户增长,贵宾客户资产配置
全客户“五主”综合经营,主投资客户增长,贵宾客户资产配置
全客户“五主”综合经营,主投资客户增长,贵宾客户资产配置
全客户“五主”综合经营,主投资客户增长,贵宾客户资产配置
全客户“五主”综合经营,主投资客户增长,贵宾客户资产配置
全客户“五主”综合经营,主投资客户增长,贵宾客户资产配置
全客户“五主”综合经营,主投资客户增长,贵宾客户资产配置
全客户“五主”综合经营,主投资客户增长,贵宾客户资产配置
全客户“五主”综合经营,主投资客户增长,贵宾客户资产配置
全客户“五主”综合经营,主投资客户增长,私人银行客户资产配置
全客户“五主”综合经营,主投资客户增长,私人银行客户资产配置
全客户“五主”综合经营,主投资客户增长,私人银行客户资产配置
全客户“五主”综合经营,主投资客户增长,私人银行客户资产配置
全客户“五主”综合经营,主投资客户增长,私人银行客户资产配置
全客户“五主”综合经营,主投资客户增长,私人银行客户资产配置
全客户“五主”综合经营,主投资客户增长,私人银行客户资产配置
全客户“五主”综合经营,主投资客户增长,私人银行客户资产配置
全客户“五主”综合经营,主投资客户增长,私人银行客户资产配置
全客户“五主”综合经营,主投资客户增长,私人银行客户资产配置
全客户“五主”综合经营,主投资客户增长,私人银行客户资产配置
全客户“五主”综合经营,主投资客户增长,养老金账户
全客户“五主”综合经营,主投资客户增长,养老金账户
全客户“五主”综合经营,主投资客户增长,养老金账户
全客户“五主”综合经营,主投资客户增长,养老金账户
全客户“五主”综合经营,主投资客户增长,养老金账户
全客户“五主”综合经营,主投资客户增长,养老金账户
效益,零售板块营业净收入
效益,零售板块营业净收入
效益,零售板块营业净收入
效益,零售板块营业净收入
效益,零售板块营业净收入
效益,零售板块营业净收入
效益,零售板块营业净收入
效益,零售板块营业净收入
效益,零售板块营业净收入
效益,零售板块营业净收入
效益,零售板块营业净收入
效益,零售板块营业净收入
效益,零售板块营业净收入
效益,零售板块营业净收入
效益,零售板块营业净收入
效益,零售板块营业净收入
效益,零售板块营业净收入
效益,零售板块营业净收入
效益,零售板块营业净收入
效益,零售板块营业净收入
效益,零售轻资本业务收入
效益,零售轻资本业务收入
效益,零售轻资本业务收入
效益,零售轻资本业务收入
效益,零售轻资本业务收入
效益,零售轻资本业务收入
效益,零售轻资本业务收入
效益,零售轻资本业务收入
效益,零售轻资本业务收入
效益,零售轻资本业务收入
效益,零售轻资本业务收入
效益,零售轻资本业务收入
效益,零售轻资本业务收入
新客户“五主”基础动作,网申信用卡进店核验客户贷发借转化率
新客户“五主”基础动作,网申信用卡进店核验客户贷发借转化率
新客户“五主”基础动作,网申信用卡进店核验客户贷发借转化率
新客户“五主”基础动作,新客户“一户六开两推”
新客户“五主”基础动作,新客户“一户六开两推”
新客户“五主”基础动作,新客户“一户六开两推”
新客户“五主”基础动作,新客户“一户六开两推”
新客户“五主”基础动作,新客户“一户六开两推”
新客户“五主”基础动作,新客户“一户六开两推”
新客户“五主”基础动作,新客户“一户六开两推”
新客户“五主”基础动作,新客户“一户六开两推”
新客户“五主”基础动作,新客户“一户六开两推”
新客户“五主”基础动作,新客户“一户六开两推”
新客户“五主”基础动作,新客户“一户六开两推”
新客户“五主”基础动作,新客户“一户六开两推”
新客户“五主”基础动作,新客户“一户六开两推”
新客户“五主”基础动作,新客户“一户六开两推”
新客户“五主”基础动作,新客户“一户六开两推”
新客户“五主”基础动作,新客户“一户六开两推”
新客户“五主”基础动作,新客户“一户六开两推”
新客户“五主”基础动作,新客户“一户六开两推”
新客户“五主”基础动作,新客户“一户六开两推”
新客户“五主”基础动作,新客户“一户六开两推”
新客户“五主”基础动作,新客户“一户六开两推”
新客户“五主”基础动作,信用卡新客户“一户三绑”
新客户“五主”基础动作,信用卡新客户“一户三绑”
新客户“五主”基础动作,信用卡新客户“一户三绑”
新客户“五主”基础动作,信用卡新客户“一户三绑”
新客户“五主”基础动作,信用卡新客户“一户三绑”
新客户“五主”基础动作,信用卡新客户“一户三绑”
新客户“五主”基础动作,信用卡新客户“一户三绑”
重点领域信贷支持,个人消费贷款
重点领域信贷支持,个人消费贷款
重点领域信贷支持,个人消费贷款
重点领域信贷支持,个人消费贷款