不良贷款控制,个人不良贷款,个人不良贷款控制计划完成率
财富管理,零售渠道理财日均,本行理财保有量余额
财富管理,零售渠道理财日均,本行理财保有量余额_上年末
财富管理,零售渠道理财日均,家族信托投资理财（私行）余额
财富管理,零售渠道理财日均,家族信托投资理财（私行）余额_上年末
财富管理,零售渠道理财日均,零售渠道理财余额
财富管理,零售渠道理财日均,零售渠道理财余额_上年末
财富管理,零售渠道理财日均,零售渠道理财余额增量
财富管理,零售渠道理财日均,零钱+中的理财部分余额
财富管理,零售渠道理财日均,零钱+中的理财部分余额_上年末
财富管理,零售渠道理财日均,零钱+中的理财部分年日均余额
财富管理,零售渠道理财日均,零钱+中的理财部分年日均余额_上年末
财富管理,零售渠道理财日均,本行理财保有量年日均余额
财富管理,零售渠道理财日均,本行理财保有量年日均余额_上年末
财富管理,零售渠道理财日均,家族信托投资理财（私行）年日均余额
财富管理,零售渠道理财日均,家族信托投资理财（私行）年日均余额_上年末
财富管理,零售渠道理财日均,零售渠道理财年日均余额
财富管理,零售渠道理财日均,零售渠道理财年日均余额_上年末
财富管理,零售渠道理财日均,零售渠道理财年日均余额增量
财富管理,零售渠道理财日均,分行零售渠道理财年日均余额增量计划
财富管理,零售渠道理财日均,零售渠道理财年日均余额增量计划完成率
规模,个贷规模增长,个人贷款余额
规模,个贷规模增长,个贷余额年增量
规模,个贷规模增长,个贷余额年增量计划
规模,个贷规模增长,个贷余额年增量计划完成率
规模,个贷规模增长,同业个贷余额
规模,个贷规模增长,同业个贷余额年增量
规模,个贷规模增长,同业年累新发放个人贷款加权平均定价
规模,个贷规模增长,个人不良贷款余额（账面）
规模,个贷规模增长,当年转让贷款余额（正常类）
规模,个贷规模增长,普惠型个人贷款
规模,个贷规模增长,普惠型个人不良贷款
规模,个贷规模增长,普惠型个人不良贷款率
规模,个贷规模增长,全行普惠型个人不良贷款率容忍度
规模,个贷规模增长,考核口径个人不良贷款余额
规模,个贷规模增长,考核口径个人不良贷款控制计划
规模,个贷规模增长,考核口径个人不良贷款控制计划完成率
规模,个贷规模增长,当年转让贷款中的不良余额
规模,个贷规模增长,个人不良贷款率
规模,个贷规模增长,考核口径个人不良贷款率
规模,个贷规模增长,个人不良贷款控制系数
规模,个贷规模增长,个人问题贷款余额（账面）
规模,个贷规模增长,当年转让贷款中的问题余额
规模,个贷规模增长,考核口径个人问题贷款余额
规模,个贷规模增长,考核口径个人问题贷款率
规模,个贷规模增长,个人问题贷款率
规模,个贷规模增长,年初个人问题贷款率
规模,个贷规模增长,考核口径个人问题贷款率变动幅度
规模,个贷规模增长,个人问题贷款率系数
规模,个贷规模增长,资产质量系数
规模,个贷规模增长,同业个贷余额排名
规模,个贷规模增长,同业个贷余额年增量排名
规模,个贷规模增长,同业年累新发放个人贷款加权平均定价排名
规模,个人存款增长,客户存款余额
规模,个人存款增长,客户存款余额_上年末
规模,个人存款增长,全口径个人存款
规模,个人存款增长,全口径个人存款_上年末
规模,个人存款增长,外币FTP亏损存款
规模,个人存款增长,外币FTP亏损存款_上年末
规模,个人存款增长,考核口径全口径个人存款
规模,个人存款增长,考核口径全口径个人存款_上年末
规模,个人存款增长,客户存款年日均
规模,个人存款增长,客户存款年日均_上年末
规模,个人存款增长,外币FTP亏损存款年日均
规模,个人存款增长,外币FTP亏损存款年日均_上年末
规模,个人存款增长,全口径个人存款年日均
规模,个人存款增长,全口径个人存款年日均_上年末
规模,个人存款增长,考核口径全口径个人存款年日均
规模,个人存款增长,考核口径全口径个人存款年日均_上年末
规模,个人存款增长,考核口径全口径个人存款年日均增量
规模,个人存款增长,考核口径全口径个人存款年日均增长率
规模,个人存款增长,考核口径全口径个人存款年日均增量计划
规模,个人存款增长,考核口径全口径个人存款年日均增量计划完成率
规模,个人存款增长,同业全口径个人存款月末均余额
规模,个人存款增长,同业全口径个人存款月末均余额增量
规模,个人存款增长,同业全口径个人存款月末均余额增长率
规模,个人存款增长,客户存款月日均
规模,个人存款增长,客户存款月日均_基数
规模,个人存款增长,客户存款月日均_上年末
规模,个人存款增长,外币FTP亏损存款月日均
规模,个人存款增长,外币FTP亏损存款月日均_基数
规模,个人存款增长,外币FTP亏损存款月日均_上年末
规模,个人存款增长,全口径个人存款月日均
规模,个人存款增长,全口径个人存款月日均_基数
规模,个人存款增长,全口径个人存款月日均_上年末
规模,个人存款增长,考核口径全口径个人存款月日均
规模,个人存款增长,考核口径全口径个人存款月日均_基数
规模,个人存款增长,考核口径全口径个人存款月日均_上年末
规模,个人存款增长,考核口径全口径个人存款月日均增量
规模,个人存款增长,考核口径全口径个人存款月日均增量计划
规模,个人存款增长,考核口径全口径个人存款月日均增量计划完成率
规模,个人存款增长,人民币活期存款余额
规模,个人存款增长,人民币活期存款余额_上年末
规模,个人存款增长,人民币管家类存款余额
规模,个人存款增长,人民币电子现金
规模,个人存款增长,人民币睡眠户存款余额
规模,个人存款增长,人民币信用卡溢缴款
规模,个人存款增长,人民币结算存款余额
规模,个人存款增长,人民币结算存款余额_上年末
规模,个人存款增长,人民币活期存款年日均
规模,个人存款增长,人民币活期存款年日均_上年末
规模,个人存款增长,人民币管家类存款年日均
规模,个人存款增长,人民币电子现金年日均
规模,个人存款增长,人民币睡眠户存款年日均
规模,个人存款增长,人民币信用卡溢缴款年日均
规模,个人存款增长,人民币结算存款年日均
规模,个人存款增长,人民币结算存款年日均_上年末
规模,个人存款增长,人民币结算存款年日均增量
规模,个人存款增长,人民币结算存款年日均增长率
规模,个人存款增长,人民币结算存款年日均增量计划
规模,个人存款增长,人民币结算存款年日均增量计划完成率
规模,个人存款增长,同业平均（不含中信）全口径个人存款月末均余额增量
规模,个人存款增长,同业平均（不含中信）全口径个人存款月末均余额增长率
规模,个人存款增长,同业全口径个人存款月末均余额排名
规模,个人存款增长,同业全口径个人存款月末均余额增量排名
规模,零售管理资产增长,客户AUM余额
规模,零售管理资产增长,客户AUM余额_上年末
规模,零售管理资产增长,CBI调整（AUM余额）
规模,零售管理资产增长,管家类存款余额
规模,零售管理资产增长,跨境电商余额
规模,零售管理资产增长,电子现金余额
规模,零售管理资产增长,睡眠户存款余额
规模,零售管理资产增长,信用卡溢缴款余额
规模,零售管理资产增长,考核口径AUM余额
规模,零售管理资产增长,客户AUM月日均
规模,零售管理资产增长,客户AUM月日均_上年末
规模,零售管理资产增长,CBI调整（AUM月日均）
规模,零售管理资产增长,管家类存款月日均
规模,零售管理资产增长,跨境电商月日均
规模,零售管理资产增长,电子现金月日均
规模,零售管理资产增长,睡眠户存款月日均
规模,零售管理资产增长,信用卡溢缴款月日均
规模,零售管理资产增长,考核口径AUM月日均
规模,零售管理资产增长,考核口径AUM月日均_上年末
规模,零售管理资产增长,考核口径AUM月日均增量
规模,零售管理资产增长,考核口径AUM月日均增长率
规模,零售管理资产增长,同业AUM月末均余额
规模,零售管理资产增长,同业AUM月末均余额增量
规模,零售管理资产增长,同业AUM月末均余额增长率
规模,零售管理资产增长,考核口径AUM月日均增量计划
规模,零售管理资产增长,考核口径AUM月日均增量计划完成率
规模,零售管理资产增长,客户AUM年日均
规模,零售管理资产增长,客户AUM年日均_上年末
规模,零售管理资产增长,CBI调整（AUM年日均）
规模,零售管理资产增长,管家类存款年日均
规模,零售管理资产增长,跨境电商年日均
规模,零售管理资产增长,电子现金年日均
规模,零售管理资产增长,睡眠户存款年日均
规模,零售管理资产增长,信用卡溢缴款年日均
规模,零售管理资产增长,考核口径AUM年日均
规模,零售管理资产增长,考核口径AUM年日均_上年末
规模,零售管理资产增长,考核口径AUM年日均增量
规模,零售管理资产增长,考核口径AUM年日均增长率
规模,零售管理资产增长,考核口径AUM年日均增量计划
规模,零售管理资产增长,考核口径AUM年日均增量计划完成率
规模,零售管理资产增长,同业平均（不含中信）AUM月末均余额增量
规模,零售管理资产增长,同业平均（不含中信）AUM月末均余额增长率
规模,零售管理资产增长,同业AUM月末均余额排名
规模,零售管理资产增长,同业AUM月末均余额增量排名
客户规模,客户数,个人客户数
客户规模,客户数,零售客户数
客户规模,客户数,本年新开客户数
客户规模,客户数,本月新开客户数
客户规模,客户数,双卡客户数
客户规模,客户数,纯信用卡客户数
客户规模,客户数,三方存管客户数
客户规模,客户数,无效客户数
客户获取,代发业务推动,有效代发额
客户获取,代发业务推动,本行有效代发额
客户获取,代发业务推动,跨行有效代发额
客户获取,代发业务推动,本行有效代发额（他行来账）
客户获取,代发业务推动,有效代发额（上年）
客户获取,代发业务推动,有效代发额增量
客户获取,代发业务推动,有效代发额增长率
客户获取,代发业务推动,有效代发额总量计划完成率
客户获取,代发业务推动,有效代发额计划目标
客户获取,代发业务推动,代发客户AUM留存率
客户获取,代发业务推动,代发客户AUM时点余额
客户获取,代发业务推动,代发客户AUM时点余额（上年）
客户获取,代发业务推动,代发客户AUM时点余额（增量 ）
客户获取,代发业务推动,代发客户AUM年日均额
客户获取,代发业务推动,代发客户AUM年日均额（上年）
客户获取,代发业务推动,代发客户AUM年日均额（增量 ）
客户获取,代发业务推动,代发客户存款时点余额
客户获取,代发业务推动,代发客户存款时点余额（上年）
客户获取,代发业务推动,代发客户存款时点余额（增量）
客户获取,代发业务推动,代发客户存款年日均额
客户获取,代发业务推动,代发客户存款年日均额（上年）
客户获取,代发业务推动,代发客户存款年日均额（增量）
客户获取,代发业务推动,代发客户结算性存款时点余额
客户获取,代发业务推动,代发客户结算性存款时点余额（上年）
客户获取,代发业务推动,代发客户结算性存款时点余额（增量）
客户获取,代发业务推动,代发客户结算性存款年日均额
客户获取,代发业务推动,代发客户结算性存款年日均额（上年）
客户获取,代发业务推动,代发客户结算性存款年日均额（增量）
客户获取,代发业务推动,代发个人客户金额
客户获取,代发业务推动,跨行代发额
客户获取,代发业务推动,本行代发额（他行来账）
客户获取,代发业务推动,本行代发额
客户获取,代发业务推动,有效代发个人客户数
客户获取,代发业务推动,有效代发个人客户数（1-2次）
客户获取,代发业务推动,有效代发个人客户数（3次及以上）
客户获取,代发业务推动,代发个人客户数
客户获取,代发业务推动,代发跨行个人客户数
客户获取,代发业务推动,代发本行个人客户数
客户获取,代发业务推动,代发本行个人客户数（他行来账）
客户获取,代发业务推动,本行有效代发个人客户数
客户获取,代发业务推动,本行有效代发个人客户数（1-2次）
客户获取,代发业务推动,本行有效代发个人客户数（3次及以上）
客户获取,代发业务推动,跨行有效代发个人客户数
客户获取,代发业务推动,跨行有效代发个人客户数（1-2次）
客户获取,代发业务推动,跨行有效代发个人客户数（3次及以上）
客户获取,代发业务推动,本行有效代发个人客户数（他行来账）
客户获取,代发业务推动,有效代发个人客户增量
客户获取,代发业务推动,有效代发个人客户数（上年）
客户获取,代发业务推动,本行有效代发个人客户数（上年）
客户获取,代发业务推动,跨行有效代发个人客户数（上年）
客户获取,代发业务推动,本行有效代发个人客户数-他行来账（上年）
客户获取,代发业务推动,有效代发个人客户增长率
客户获取,代发业务推动,有效代发个人客户总量计划完成率
客户获取,代发业务推动,有效代发个人客户数计划目标
客户获取,代发业务推动,有效代发企业客户数
客户获取,代发业务推动,代发企业个数
客户获取,代发业务推动,本行代发企业数
客户获取,代发业务推动,跨行代发企业数
客户获取,代发业务推动,本行有效代发企业个数
客户获取,代发业务推动,跨行有效代发企业个数
客户获取,代发业务推动,有效代发企业客户增量
客户获取,代发业务推动,有效代发企业客户数（上年）
客户获取,代发业务推动,本行有效代发企业个数（上年）
客户获取,代发业务推动,跨行有效代发企业个数（上年）
客户获取,代发业务推动,有效代发企业客户增长率
客户获取,代发业务推动,有效代发企业客户总量计划完成率
客户获取,代发业务推动,有效代发企业客户数计划目标
客户获取,代发业务推动,有效代发额调整项
客户获取,代发业务推动,有效代发个人数调整项
客户获取,代发业务推动,有效代发企业数调整项
客户获取,代发业务推动,企业本年首次代发日期
客户获取,代发业务推动,企业最近一次代发日期
客户获取,代发业务推动,企业当年发薪月次
客户获取,代发业务推动,企业考核发薪月次
客户获取,代发业务推动,是否为当年新拓展代发企业
客户获取,代发业务推动,是否为有效代发企业
客户获取,代发业务推动,企业所属一级行业名称
客户获取,代发业务推动,企业所属二级行业名称
客户获取,代发业务推动,企业所属三级行业名称
客户获取,代发业务推动,企业所属四级行业名称
客户获取,代发业务推动,开薪易（加内部帐）+核心+公司网银代发企业数
客户获取,代发业务推动,开薪易（加内部帐）+核心+公司网银代发本行个人客户数
客户获取,代发业务推动,开薪易（加内部帐）+核心+公司网银代发他行个人客户数
客户获取,代发业务推动,开薪易（加内部帐）+核心+公司网银本行代发额
客户获取,代发业务推动,开薪易（加内部帐）+核心+公司网银他行代发额
客户获取,代发业务推动,开薪易（加内部帐）+核心+公司网银代发客户AUM时点余额
客户获取,代发业务推动,开薪易（加内部帐）+核心+公司网银代发客户存款时点余额
客户获取,代发业务推动,团金宝代发企业数
客户获取,代发业务推动,团金宝代发本行个人客户数
客户获取,代发业务推动,团金宝代发他行个人客户数
客户获取,代发业务推动,团金宝本行代发额
客户获取,代发业务推动,团金宝他行代发额
客户获取,代发业务推动,团金宝代发客户AUM时点余额
客户获取,代发业务推动,团金宝代发客户存款时点余额
客户获取,代发业务推动,分行特色代发企业数
客户获取,代发业务推动,分行特色代发本行个人客户数
客户获取,代发业务推动,分行特色代发他行个人客户数
客户获取,代发业务推动,分行特色本行代发额
客户获取,代发业务推动,分行特色他行代发额
客户获取,代发业务推动,分行特色代发客户AUM时点余额
客户获取,代发业务推动,分行特色代发客户存款时点余额
客户获取,代发业务推动,公司网银费用报销代发企业数
客户获取,代发业务推动,公司网银费用报销代发本行个人客户数
客户获取,代发业务推动,公司网银费用报销代发他行个人客户数
客户获取,代发业务推动,公司网银费用报销本行代发额
客户获取,代发业务推动,公司网银费用报销他行代发额
客户获取,代发业务推动,公司网银费用报销代发客户AUM时点余额
客户获取,代发业务推动,公司网银费用报销代发客户存款时点余额
客户获取,代发业务推动,e管家代发企业数
客户获取,代发业务推动,e管家代发本行个人客户数
客户获取,代发业务推动,e管家本行代发额
客户获取,代发业务推动,e管家代发客户AUM时点余额
客户获取,代发业务推动,e管家代发客户存款时点余额
客户获取,代发业务推动,托管养老金代发企业数
客户获取,代发业务推动,托管养老金代发本行个人客户数
客户获取,代发业务推动,托管养老金代发他行个人客户数
客户获取,代发业务推动,托管养老金本行代发额
客户获取,代发业务推动,托管养老金他行代发额
客户获取,代发业务推动,托管养老金代发客户AUM时点余额
客户获取,代发业务推动,托管养老金代发客户存款时点余额
客户获取,代发业务推动,他行来账代发企业数
客户获取,代发业务推动,他行来账代发本行个人客户数
客户获取,代发业务推动,他行来账本行代发额
客户获取,代发业务推动,他行来账代发客户AUM时点余额
客户获取,代发业务推动,他行来账代发客户存款时点余额
客户获取,新增激活借记客户（全口径）,新增激活借记客户数（全口径）
客户获取,新增激活借记客户（全口径）,新增激活借记客户计划（全口径）
客户获取,新增激活借记客户（全口径）,新增激活借记客户计划完成率（全口径）
客户获取,信用卡新增客户,信用卡新增客户
客户获取,信用卡新增客户,信用卡新增客户计划
客户获取,信用卡新增客户,信用卡新增客户计划完成率
客户增长,富裕客户增长,富裕客户数（账面）
客户增长,富裕客户增长,富裕客户数（账面）_上年末
客户增长,富裕客户增长,CBI（富裕客户）
客户增长,富裕客户增长,E管家项目（富裕客户）
客户增长,富裕客户增长,富裕客户数
客户增长,富裕客户增长,富裕客户数_上年末
客户增长,富裕客户增长,富裕客户增量
客户增长,富裕客户增长,富裕客户增长率
客户增长,富裕客户增长,富裕客户增量计划
客户增长,富裕客户增长,富裕客户增量计划完成率
客户增长,贵宾客户增长,贵宾客户数（账面）
客户增长,贵宾客户增长,贵宾客户数（账面）_上年末
客户增长,贵宾客户增长,CBI（贵宾客户）
客户增长,贵宾客户增长,E管家项目（贵宾客户）
客户增长,贵宾客户增长,贵宾客户数
客户增长,贵宾客户增长,贵宾客户数_上年末
客户增长,贵宾客户增长,贵宾客户增量
客户增长,贵宾客户增长,贵宾客户增长率
客户增长,贵宾客户增长,贵宾客户增量计划
客户增长,贵宾客户增长,贵宾客户增量计划完成率
客户增长,私人银行客户增长,私行客户数（账面）
客户增长,私人银行客户增长,私行客户数（账面）_上年末
客户增长,私人银行客户增长,CBI（私行客户）
客户增长,私人银行客户增长,E管家项目（私行客户）
客户增长,私人银行客户增长,私行客户数
客户增长,私人银行客户增长,私行客户数_上年末
客户增长,私人银行客户增长,私行客户增量
客户增长,私人银行客户增长,私行客户增长率
客户增长,私人银行客户增长,私行客户增量计划
客户增长,私人银行客户增长,私行客户增量计划完成率
客户增长,私人银行客户增长,私人银行客户分层折算增量
客户增长,私人银行客户增长,私人银行客户分层折算系数
零售客户拓展,新增激活借记客户数,新增激活借记客户数（考核口径）
零售客户拓展,新增激活借记客户数,新增激活借记客户数计划（考核口径）
零售客户拓展,新增激活借记客户数,新增激活借记客户数计划完成率（考核口径）
零售客户拓展,信用卡新增客户,信用卡新增客户（上年同期）
零售客户拓展,信用卡新增客户,信用卡新增客户同比增量
零售客户拓展,信用卡新增客户,信用卡新增客户增长率
普惠金融,普惠型个人贷款,普惠型个人贷款增量计划
普惠金融,普惠型个人贷款,普惠型个人贷款增量计划完成率（银保监会口径）
普惠金融,普惠型个人贷款,普惠型个人贷款增量计划完成率（人民银行口径）
普惠金融,普惠型个人贷款,普惠型个人贷款增量计划完成率（考核口径）
普惠金融,普惠型个人涉农贷款,普惠型个人涉农贷款增量计划
普惠金融,普惠型个人涉农贷款,普惠型个人涉农贷款增量计划完成率
普惠金融,涉农个人贷款,涉农个人贷款增量计划
普惠金融,涉农个人贷款,涉农个人贷款增量计划目标完成率
全客户“五主”综合经营,主服务客户增长,电子渠道活跃率,电子渠道活跃率考核目标客户数
全客户“五主”综合经营,主服务客户增长,电子渠道活跃率,手机银行活跃客户数
全客户“五主”综合经营,主服务客户增长,电子渠道活跃率,电子渠道活跃率
全客户“五主”综合经营,主服务客户增长,企业微信认证率,到店并完成企业微信认证转化的客户数
全客户“五主”综合经营,主服务客户增长,企业微信认证率,到店企业微信未认证客户数
全客户“五主”综合经营,主服务客户增长,企业微信认证率,到店客户企业微信认证率
全客户“五主”综合经营,主服务客户增长,企业微信认证率,富裕及以上客户企业微信认证客户数
全客户“五主”综合经营,主服务客户增长,企业微信认证率,富裕及以上客户数
全客户“五主”综合经营,主服务客户增长,企业微信认证率,富裕及以上客户企业微信认证率
全客户“五主”综合经营,主结算客户增长,缴费通交易客户数,缴费通交易客户数
全客户“五主”综合经营,主结算客户增长,缴费通交易客户数,缴费通交易客户数计划
全客户“五主”综合经营,主结算客户增长,缴费通交易客户数,缴费通交易客户数计划完成率
全客户“五主”综合经营,主结算客户增长,移动支付月活跃合约数计划完成率,移动支付月活跃合约数
全客户“五主”综合经营,主结算客户增长,移动支付月活跃合约数计划完成率,移动支付月活跃合约数计划
全客户“五主”综合经营,主结算客户增长,移动支付月活跃合约数计划完成率,移动支付月活跃合约数计划完成率
全客户“五主”综合经营,主融资客户增长,车贷抵押登记完成率,已完成抵押登记业务笔数
全客户“五主”综合经营,主融资客户增长,车贷抵押登记完成率,考核范围内车贷业务总笔数
全客户“五主”综合经营,主融资客户增长,车贷抵押登记完成率,车贷抵押登记完成率
全客户“五主”综合经营,主融资客户增长,车贷渠道活跃度,当季月均放款达到3笔的合作渠道数量
全客户“五主”综合经营,主融资客户增长,车贷渠道活跃度,有效合作渠道数
全客户“五主”综合经营,主融资客户增长,车贷渠道活跃度,车贷渠道活跃度
全客户“五主”综合经营,主融资客户增长,房抵客户信用贷触达率,全年累计触达客户数
全客户“五主”综合经营,主融资客户增长,房抵客户信用贷触达率,全年累计下发名单数
全客户“五主”综合经营,主融资客户增长,房抵客户信用贷触达率,房抵客户信用贷触达率
全客户“五主”综合经营,主融资客户增长,分层客户信用卡及借贷关联,持有信用卡富裕客户数
全客户“五主”综合经营,主融资客户增长,分层客户信用卡及借贷关联,富裕客户信用卡覆盖率
全客户“五主”综合经营,主融资客户增长,分层客户信用卡及借贷关联,持有信用卡贵宾客户数
全客户“五主”综合经营,主融资客户增长,分层客户信用卡及借贷关联,贵宾客户信用卡覆盖率
全客户“五主”综合经营,主融资客户增长,分层客户信用卡及借贷关联,持有信用卡私行客户数
全客户“五主”综合经营,主融资客户增长,分层客户信用卡及借贷关联,私行客户信用卡覆盖率
全客户“五主”综合经营,主融资客户增长,分层客户信用卡及借贷关联,发生过1笔及以上借贷关联还款交易的富裕客户
全客户“五主”综合经营,主融资客户增长,分层客户信用卡及借贷关联,富裕客户关联还款率
全客户“五主”综合经营,主融资客户增长,分层客户信用卡及借贷关联,发生过1笔及以上借贷关联还款交易的贵宾客户
全客户“五主”综合经营,主融资客户增长,分层客户信用卡及借贷关联,贵宾客户关联还款率
全客户“五主”综合经营,主融资客户增长,分层客户信用卡及借贷关联,发生过1笔及以上借贷关联还款交易的私行客户
全客户“五主”综合经营,主融资客户增长,分层客户信用卡及借贷关联,私行客户关联还款率
全客户“五主”综合经营,主融资客户增长,个贷客户转化,新签约个贷客户中富裕客户数
全客户“五主”综合经营,主融资客户增长,个贷客户转化,新签约个贷客户中贵宾客户数
全客户“五主”综合经营,主融资客户增长,个贷客户转化,新签约个贷客户中私行客户数
全客户“五主”综合经营,主融资客户增长,个贷客户转化,当前新个贷客户中富裕以上客户折算数量
全客户“五主”综合经营,主融资客户增长,个贷客户转化,当年新个贷客户数
全客户“五主”综合经营,主融资客户增长,个贷客户转化,富裕及以上客户转化率
全客户“五主”综合经营,主融资客户增长,信用贷获客能力,消费信秒贷首签客户数
全客户“五主”综合经营,主融资客户增长,信用贷获客能力,小微信贷首签客户数
全客户“五主”综合经营,主融资客户增长,信用贷获客能力,烟商贷自主支付首签客户数
全客户“五主”综合经营,主融资客户增长,信用贷获客能力,烟商贷定向支付首签客户数
全客户“五主”综合经营,主融资客户增长,信用贷获客能力,安居场景贷首签客户数
全客户“五主”综合经营,主融资客户增长,信用贷获客能力,经营场景贷首签客户数
全客户“五主”综合经营,主融资客户增长,信用贷获客能力,尊享信秒贷首签客户数
全客户“五主”综合经营,主融资客户增长,信用贷获客能力,信用贷首签客户数
全客户“五主”综合经营,主融资客户增长,信用贷获客能力,考核口径信用贷首签客户数
全客户“五主”综合经营,主投资客户增长,代理业务销售,私行代销标准化产品保有量
全客户“五主”综合经营,主投资客户增长,代理业务销售,代为推介保有量
全客户“五主”综合经营,主投资客户增长,代理业务销售,券商基金保有量
全客户“五主”综合经营,主投资客户增长,代理业务销售,公募基金保有量
全客户“五主”综合经营,主投资客户增长,代理业务销售,代销他行理财公司非货新理财（零售）保有量
全客户“五主”综合经营,主投资客户增长,代理业务销售,代销他行理财公司非货新理财（私行）保有量
全客户“五主”综合经营,主投资客户增长,代理业务销售,私行代销标准化产品保有量_上年末
全客户“五主”综合经营,主投资客户增长,代理业务销售,代为推介保有量_上年末
全客户“五主”综合经营,主投资客户增长,代理业务销售,券商基金保有量_上年末
全客户“五主”综合经营,主投资客户增长,代理业务销售,公募基金保有量_上年末
全客户“五主”综合经营,主投资客户增长,代理业务销售,代销他行理财公司非货新理财（零售）保有量_上年末
全客户“五主”综合经营,主投资客户增长,代理业务销售,代销他行理财公司非货新理财（私行）保有量_上年末
全客户“五主”综合经营,主投资客户增长,代理业务销售,净值型产品保有量
全客户“五主”综合经营,主投资客户增长,代理业务销售,净值型产品保有量_上年末
全客户“五主”综合经营,主投资客户增长,代理业务销售,净值型产品保有量增量
全客户“五主”综合经营,主投资客户增长,代理业务销售,净值型产品保有量增量计划
全客户“五主”综合经营,主投资客户增长,代理业务销售,净值型产品保有量增量计划完成率
全客户“五主”综合经营,主投资客户增长,代理业务销售,保险价值保费销量
全客户“五主”综合经营,主投资客户增长,代理业务销售,保险价值保费销量计划
全客户“五主”综合经营,主投资客户增长,代理业务销售,保险价值保费销量计划完成率
全客户“五主”综合经营,主投资客户增长,代理业务销售,私人银行客户保险销量
全客户“五主”综合经营,主投资客户增长,代理业务销售,私人银行客户保险销量计划
全客户“五主”综合经营,主投资客户增长,代理业务销售,私人银行客户保险销量计划完成率
全客户“五主”综合经营,主投资客户增长,富裕客户交叉覆盖,非货币理财富裕客户
全客户“五主”综合经营,主投资客户增长,富裕客户交叉覆盖,非货币理财富裕客户_上年末
全客户“五主”综合经营,主投资客户增长,富裕客户交叉覆盖,非货币理财富裕客户增量
全客户“五主”综合经营,主投资客户增长,富裕客户交叉覆盖,非货币理财富裕客户增量计划
全客户“五主”综合经营,主投资客户增长,富裕客户交叉覆盖,非货币理财富裕客户增量计划完成率
全客户“五主”综合经营,主投资客户增长,富裕客户交叉覆盖,非货币基金富裕客户
全客户“五主”综合经营,主投资客户增长,富裕客户交叉覆盖,非货币基金富裕客户_上年末
全客户“五主”综合经营,主投资客户增长,富裕客户交叉覆盖,非货币基金富裕客户增量
全客户“五主”综合经营,主投资客户增长,富裕客户交叉覆盖,非货币基金富裕客户增量计划
全客户“五主”综合经营,主投资客户增长,富裕客户交叉覆盖,非货币基金富裕客户增量计划完成率
全客户“五主”综合经营,主投资客户增长,贵宾客户资产配置,资配达标贵宾客户
全客户“五主”综合经营,主投资客户增长,贵宾客户资产配置,资配达标贵宾客户_上年末
全客户“五主”综合经营,主投资客户增长,贵宾客户资产配置,资配达标贵宾客户增量
全客户“五主”综合经营,主投资客户增长,贵宾客户资产配置,资配达标贵宾客户增量计划
全客户“五主”综合经营,主投资客户增长,贵宾客户资产配置,资配达标贵宾客户增量计划完成率
全客户“五主”综合经营,主投资客户增长,贵宾客户资产配置,非货币基金贵宾客户
全客户“五主”综合经营,主投资客户增长,贵宾客户资产配置,非货币基金贵宾客户_上年末
全客户“五主”综合经营,主投资客户增长,贵宾客户资产配置,非货币基金贵宾客户增量
全客户“五主”综合经营,主投资客户增长,贵宾客户资产配置,非货币基金贵宾客户增量计划
全客户“五主”综合经营,主投资客户增长,贵宾客户资产配置,非货币基金贵宾客户增量计划完成率
全客户“五主”综合经营,主投资客户增长,私人银行客户资产配置,资配达标私行客户
全客户“五主”综合经营,主投资客户增长,私人银行客户资产配置,资配达标私行客户_上年末
全客户“五主”综合经营,主投资客户增长,私人银行客户资产配置,资配达标私行客户增量
全客户“五主”综合经营,主投资客户增长,私人银行客户资产配置,资配达标私行客户增量计划
全客户“五主”综合经营,主投资客户增长,私人银行客户资产配置,资配达标私行客户增量计划完成率
全客户“五主”综合经营,主投资客户增长,私人银行客户资产配置,持有复杂产品私行客户
全客户“五主”综合经营,主投资客户增长,私人银行客户资产配置,持有复杂产品私行客户_上年末
全客户“五主”综合经营,主投资客户增长,私人银行客户资产配置,私行客户复杂产品覆盖率
全客户“五主”综合经营,主投资客户增长,私人银行客户资产配置,持有复杂产品私行客户增量
全客户“五主”综合经营,主投资客户增长,私人银行客户资产配置,持有复杂产品私行客户增量计划
全客户“五主”综合经营,主投资客户增长,私人银行客户资产配置,持有复杂产品私行客户增量计划完成率
全客户“五主”综合经营,主投资客户增长,养老金账户,养老金账户开户客户数
全客户“五主”综合经营,主投资客户增长,养老金账户,养老金账户开户客户数计划
全客户“五主”综合经营,主投资客户增长,养老金账户,养老金账户开户客户数计划完成率
全客户“五主”综合经营,主投资客户增长,养老金账户,养老金缴存客户数
全客户“五主”综合经营,主投资客户增长,养老金账户,养老金缴存客户数计划
全客户“五主”综合经营,主投资客户增长,养老金账户,养老金缴存客户数计划完成率
效益,零售板块营业净收入,账面口径零售营业净收入
效益,零售板块营业净收入,银联调整项
效益,零售板块营业净收入,考核口径零售营业净收入
效益,零售板块营业净收入,考核口径零售营业净收入_上年同期
效益,零售板块营业净收入,考核口径零售营业净收入增量
效益,零售板块营业净收入,考核口径零售营业净收入增长率
效益,零售板块营业净收入,考核口径零售营业净收入计划
效益,零售板块营业净收入,考核口径零售营业净收入计划完成率
效益,零售板块营业净收入,零售营收占比
效益,零售板块营业净收入,全行营业净收入
效益,零售板块营业净收入,考核口径零售营业净收入_上年末
效益,零售板块营业净收入,全行营业净收入_上年末
效益,零售板块营业净收入,零售营收占比提升
效益,零售板块营业净收入,个人存款成本率
效益,零售板块营业净收入,个人存款成本率市场均值
效益,零售板块营业净收入,个人存款成本率系数
效益,零售板块营业净收入,个人存款成本率变动
效益,零售板块营业净收入,个人存款成本率变动市场均值
效益,零售板块营业净收入,个人存款成本率变动系数
效益,零售板块营业净收入,量价平衡修正系数
效益,零售轻资本业务收入,中收（账面口径）
效益,零售轻资本业务收入,CBI双算（中收）
效益,零售轻资本业务收入,结构性存款平盘成本
效益,零售轻资本业务收入,e管家引流项目调整
效益,零售轻资本业务收入,个贷中收（账面）
效益,零售轻资本业务收入,考核口径中收
效益,零售轻资本业务收入,考核口径中收计划
效益,零售轻资本业务收入,考核口径中收计划完成率
效益,零售轻资本业务收入,考核口径上年同期中收
效益,零售轻资本业务收入,考核口径中收增长率
效益,零售轻资本业务收入,代理保险业务收入
效益,零售轻资本业务收入,保险中收计划
效益,零售轻资本业务收入,保险中收计划完成率
新客户“五主”基础动作,网申信用卡进店核验客户贷发借转化率,网申信用卡进店核验客户贷发借转化客户
新客户“五主”基础动作,网申信用卡进店核验客户贷发借转化率,网申信用卡进店核验累计客户数
新客户“五主”基础动作,网申信用卡进店核验客户贷发借转化率,网申信用卡进店核验客户贷发借转化率
新客户“五主”基础动作,新客户“一户六开两推”,新客户数
新客户“五主”基础动作,新客户“一户六开两推”,千元入金客户数
新客户“五主”基础动作,新客户“一户六开两推”,千元入金率
新客户“五主”基础动作,新客户“一户六开两推”,简单产品转化客户数
新客户“五主”基础动作,新客户“一户六开两推”,简单产品转化率
新客户“五主”基础动作,新客户“一户六开两推”,手机APP下载登录客户数
新客户“五主”基础动作,新客户“一户六开两推”,手机APP下载登录率
新客户“五主”基础动作,新客户“一户六开两推”,企业微信认证客户数
新客户“五主”基础动作,新客户“一户六开两推”,企业微信认证率
新客户“五主”基础动作,新客户“一户六开两推”,官微关注且绑卡客户数
新客户“五主”基础动作,新客户“一户六开两推”,官微关注且绑卡率
新客户“五主”基础动作,新客户“一户六开两推”,移动支付签约交易客户数
新客户“五主”基础动作,新客户“一户六开两推”,移动支付签约交易率
新客户“五主”基础动作,新客户“一户六开两推”,信用卡持有及借贷关联签约客户数
新客户“五主”基础动作,新客户“一户六开两推”,信用卡持有及借贷关联签约率
新客户“五主”基础动作,新客户“一户六开两推”,信秒贷签约客户数
新客户“五主”基础动作,新客户“一户六开两推”,信秒贷签约率
新客户“五主”基础动作,新客户“一户六开两推”,缴费通签约客户数
新客户“五主”基础动作,新客户“一户六开两推”,缴费通签约率
新客户“五主”基础动作,新客户“一户六开两推”,个人养老金账户开通客户数
新客户“五主”基础动作,新客户“一户六开两推”,个人养老金账户开通率
新客户“五主”基础动作,信用卡新客户“一户三绑”,信用卡新客户
新客户“五主”基础动作,信用卡新客户“一户三绑”,信用卡新客企微添加认证客户数
新客户“五主”基础动作,信用卡新客户“一户三绑”,信用卡新客企微添加认证率
新客户“五主”基础动作,信用卡新客户“一户三绑”,信用卡新客快捷支付绑卡客户数
新客户“五主”基础动作,信用卡新客户“一户三绑”,信用卡新客快捷支付绑卡率
新客户“五主”基础动作,信用卡新客户“一户三绑”,信用卡新客借贷关联签约客户数
新客户“五主”基础动作,信用卡新客户“一户三绑”,信用卡新客借贷关联签约率
重点领域信贷支持,个人消费贷款,个人消费贷款余额
重点领域信贷支持,个人消费贷款,个人消费贷款增量
重点领域信贷支持,个人消费贷款,个人消费贷款增量计划
重点领域信贷支持,个人消费贷款,个人消费贷款增量计划完成率